Sample Name,D8S1179,D8S1179.1,D21S11,D21S11.1,D7S820,D7S820.1,CSF1PO,CSF1PO.1,D3S1358,D3S1358.1,TH01,TH01.1,D13S317,D13S317.1,D16S539,D16S539.1,vWA,vWA.1,TPOX,TPOX.1,D18S51,D18S51.1,D5S818,D5S818.1,FGA,FGA.1,AMEL,AMEL
1,10,14,28,30.2,11,12,10,11,15,16,7,9.3,11,11,11,12,18,19,8,11,12,14,11,13,20,22,X,X
2,13,14,28,31.2,11,12,10,12,15,16,8,9.3,11,13,11,11,16,19,8,11,12,14,11,13,21,22,X,Y
3,13,13,28,29,8,10,9,11,15,17,9.3,9.3,12,12,9,12,17,18,8,9,14,16,13,13,20,20,X,X
4,14,15,29,30,8,8,10,10,13,17,6,9.3,11,14,8,11,17,18,11,11,12,19,11,11,20,22,X,X
5,12,14,30,30.2,11,11,11,12,15,16,9.3,9.3,11,12,11,12,18,19,8,11,12,13,11,12,20,21,X,Y
6,10,12,28,29,10,11,10,10,16,17,8,9,8,11,11,11,15,16,8,8,18,18,11,12,19,25,X,X
7,13,16,29,30,9,11,12,12,13,14,6,9.3,8,9,6,11,17,17,8,8,18,18,12,12,23,26,X,Y
8,10,12,29,30,10,11,10,12,14,14,7,9.3,9,11,11,12,16,16,8,8,12,16,10,11,21,25,X,X
9,13,15,30,33.2,8,10,11,12,14,14,9,9.3,8,12,9,12,16,18,8,11,16,17,11,12,23,24,X,Y
10,13,14,31,31.2,9,11,12,13,15,15,9.3,9.3,11,12,12,13,18,18,8,11,16,19,12,12,21,22,X,Y
11,13,14,29,31.2,10,12,9,12,15,16,8,9.3,11,12,11,12,17,19,8,9,12,14,11,13,20,21,X,X
12,12,13,29,30,8,11,11,12,14,17,7,9.3,12,13,12,12,17,20,10,11,15,17,10,11,21,25,X,Y
13,12,14,30,30.2,8,11,10,12,13,15,9.3,9.3,11,12,11,12,17,19,11,11,12,12,11,12,21,22,X,X
14,12,14,29,30,8,11,10,12,13,15,6,9.3,12,14,8,11,18,18,11,11,19,19,11,12,20,21,X,X
15,14,14,29,29,10,12,12,12,14,15,6,8,11,13,9,12,14,14,8,8,15,16,12,13,20,21,X,Y
16,12,12,28,30,10,11,10,12,15,16,8,9.3,11,11,11,11,16,18,8,8,13,18,12,12,19,21,X,Y
17,10,14,29,30,10,11,10,12,15,17,9,9.3,8,11,11,12,15,18,8,8,12,18,11,11,19,20,X,X
18,12,13,29,30,10,11,12,12,14,14,7,9.3,8,11,6,11,16,17,8,8,16,18,11,12,21,24,X,Y
19,13,15,28,33.2,8,8,10,11,14,15,9.3,9.3,8,12,9,11,18,18,8,8,14,17,11,13,20,23,X,Y
20,13,15,28,33.2,8,10,9,12,14,17,9,9.3,8,12,11,12,16,18,8,11,14,16,12,13,21,24,X,X
21,13,14,30,31.2,9,10,9,12,15,15,9.3,9.3,11,11,12,13,17,18,9,11,12,19,12,13,20,21,X,Y
22,12,12,30,30,8,8,10,12,15,17,9.3,9.3,11,13,12,12,17,19,11,11,12,15,11,11,21,25,X,X
23,12,14,29,30,8,12,10,12,13,14,6,8,11,12,8,9,14,18,8,11,15,15,11,12,20,21,X,Y